id,text
1,Artificial intelligence is changing the way people use technology.
2,Machine learning allows computers to learn patterns from data.
3,Python is a popular programming language for data science.
4,The Earth revolves around the Sun.
5,Water is essential for all living organisms.
6,Electric vehicles use electric motors instead of traditional engines.
7,Cloud computing provides access to computing resources over the internet.
8,The internet connects computers and devices around the world.
9,Students use online platforms to learn new skills.
10,Healthy food provides important nutrients for the human body.
11,The ocean contains many different species of marine animals.
12,Renewable energy can be produced from sunlight and wind.
13,Mobile phones allow people to communicate from different locations.
14,Data science combines statistics programming and domain knowledge.
15,Robots can perform repetitive tasks in factories.
16,Natural language processing helps computers understand human language.
17,Space exploration helps scientists study planets and stars.
18,Cybersecurity protects computer systems and digital information.
19,Books provide information about history science and culture.
20,Deep learning uses neural networks to process complex data.