sentence_1_id,sentence_2_id,similarity_score
2,20,0.5833844
3,14,0.55255246
2,16,0.53489375
2,14,0.48832393
1,2,0.48417324
8,13,0.45470798
7,8,0.44265273
16,20,0.42932737
1,16,0.413544
1,15,0.40207142
1,20,0.38896424
5,10,0.34476006
1,9,0.3418818
2,3,0.34181035
14,16,0.3367213
7,18,0.3334537
3,16,0.3315479
4,12,0.32918492
2,7,0.32569987
17,19,0.30911377
14,20,0.30851316
6,15,0.30671647
2,9,0.30297574
2,15,0.30248958
1,14,0.2983845
3,7,0.29378647
1,18,0.29369035
14,18,0.29243165
1,8,0.29204607
2,18,0.28888616
15,20,0.28631195
4,8,0.28285506
8,9,0.28282657
5,11,0.27484852
1,7,0.2705979
16,18,0.2674994
7,16,0.26719603
9,16,0.2639215
7,9,0.25914502
1,3,0.25790554
2,17,0.25516573
13,16,0.2501738
3,9,0.24750525
1,13,0.24343875
7,12,0.24135843
2,8,0.23933074
14,17,0.23805037
8,18,0.23648822
9,13,0.23548716
6,12,0.23314887
14,19,0.23013821
3,18,0.22786033
3,17,0.22591661
8,16,0.22370145
7,14,0.21995236
15,16,0.21896657
16,17,0.21830231
1,6,0.21619348
12,15,0.21271981
7,20,0.207971
8,20,0.2075084
1,17,0.206684
9,17,0.20337518
9,20,0.19726455
9,14,0.19657463
2,13,0.19594142
4,17,0.19016698
3,20,0.18745828
9,18,0.18433294
7,15,0.17934442
7,13,0.1655336
10,12,0.15713407
6,8,0.15535292
8,15,0.15274641
16,19,0.15183264
5,16,0.14894925
2,19,0.14774346
8,12,0.14714763
3,19,0.1442689
4,7,0.14408824
9,15,0.14392796
18,20,0.14289345
5,20,0.14267257
6,7,0.14149953
17,20,0.14105774
3,8,0.14073637
13,15,0.14043234
10,16,0.14040267
5,17,0.1341771
2,6,0.13342401
8,17,0.13325578
15,18,0.13221906
2,4,0.13032387
5,7,0.12768644
4,10,0.1258541
2,11,0.11871414
4,5,0.11427554
13,20,0.11366984
10,17,0.111994356
7,17,0.11136997
5,12,0.11072075
4,16,0.110571735
4,11,0.109293684
12,20,0.1085294
6,13,0.10623194
3,5,0.10605803
11,17,0.105178766
6,14,0.10506204
1,4,0.10322415
2,5,0.09969647
5,18,0.09923841
12,17,0.09820032
8,14,0.0942934
4,15,0.09401086
4,13,0.092346944
10,13,0.09203492
5,15,0.09150599
11,20,0.09054363
6,20,0.0876199
2,12,0.085842945
8,19,0.08546078
10,18,0.08318409
10,20,0.08264615
17,18,0.080313474
2,10,0.07799426
6,9,0.07688009
3,6,0.07679209
19,20,0.07533701
9,19,0.07193221
12,16,0.07153446
12,13,0.06954217
7,19,0.06772356
14,15,0.06739093
6,18,0.06654202
1,5,0.06645055
3,15,0.066058666
11,13,0.06595293
7,11,0.064739406
4,20,0.06439655
3,11,0.06436353
5,8,0.06330279
13,18,0.059476603
18,19,0.05925718
13,17,0.05880455
11,12,0.058420666
6,16,0.057722095
8,11,0.053819288
5,14,0.049340352
12,14,0.047807954
11,16,0.047430694
10,14,0.044692907
9,12,0.04243368
11,15,0.04095818
7,10,0.038525257
10,11,0.036596403
11,19,0.034781177
3,10,0.03475912
15,17,0.03467874
4,6,0.033479698
1,12,0.032562338
6,11,0.029172357
4,9,0.029171577
3,12,0.02824695
11,18,0.027457759
10,19,0.026165321
1,19,0.025878135
9,11,0.023643004
3,4,0.02306252
4,14,0.022672245
13,14,0.021177089
11,14,0.020694224
10,15,0.019867286
8,10,0.019132735
4,19,0.01883855
6,17,0.017558556
13,19,0.00515258
5,6,0.003087433
3,13,-0.0001324499
9,10,-0.0041488977
12,19,-0.0070714466
5,19,-0.008297037
5,9,-0.0088698305
15,19,-0.018308697
5,13,-0.025071442
1,10,-0.02577649
6,10,-0.026875567
1,11,-0.036470383
12,18,-0.040620137
4,18,-0.044381417
6,19,-0.0666963
